stimuli,lemma,n,percent,isPicturable,notNoun,checkThisWord,duplicateOf,synonymOf,lemma_hc
ancient_rome,heis,14,43.75,0,0,1,,,heis
ancient_rome,hmm,1,3.125,0,0,1,,,hmm
ancient_rome,iti,1,3.125,0,0,1,,,iti
ancient_rome,itis,17,53.125,0,0,1,,,itis
ancient_rome,kinda,1,3.125,0,0,1,,,kinda
ancient_rome,outfin,1,3.125,0,0,1,,,outfin
ancient_rome,swimm,1,3.125,0,0,1,,,swim
ancient_rome,thatis,9,28.125,0,0,1,,,thatis
ancient_rome,thereis,10,31.25,0,0,1,,,thereis
ancient_rome,theyare,12,37.5,0,0,1,,,theyare
ancient_rome,titis,1,3.125,0,0,1,,,titis
ancient_rome,tthatis,2,6.25,0,0,1,,,tthatis
ancient_rome,tthereis,7,21.875,0,0,1,,,tthereis
ancient_rome,uh,4,12.5,0,0,1,,,uh
ancient_rome,um,9,28.125,0,0,1,,,um
ancient_rome,umm,5,15.625,0,0,1,,,umm
ancient_rome,v,1,3.125,0,0,1,,,v
ancient_rome,wehave,2,6.25,0,0,1,,,wehave
ancient_rome,whatis,5,15.625,0,0,1,,,whatis
ancient_rome,whereis,1,3.125,0,0,1,,,whereis
ancient_rome,whois,6,18.75,0,0,1,,,whois
ancient_rome,action,1,3.125,0,0,0,,,action
ancient_rome,activity,4,12.5,0,0,0,,,activity
ancient_rome,affair,1,3.125,0,0,0,,,affair
ancient_rome,air,1,3.125,1,0,0,,,air
ancient_rome,alive,1,3.125,0,0,0,,,alive
ancient_rome,animal,14,43.75,0,0,0,,,animal
ancient_rome,ant,1,3.125,1,0,0,,,ant
ancient_rome,area,10,31.25,0,0,0,,,area
ancient_rome,arena,19,59.375,1,0,0,,stadium,arena
ancient_rome,arm,3,9.375,1,0,0,,limb,arm
ancient_rome,armor,4,12.5,1,0,0,armour,,armor
ancient_rome,armour,1,3.125,1,0,1,armor,,armor
ancient_rome,around,1,3.125,0,1,0,,,around
ancient_rome,atop,1,3.125,0,1,0,,,atop
ancient_rome,attack,1,3.125,0,0,0,,,attack
ancient_rome,attention,1,3.125,0,0,0,,,attention
ancient_rome,audience,2,6.25,0,0,0,,,audience
ancient_rome,axle,1,3.125,1,0,0,,,axle
ancient_rome,back,8,25,0,0,0,,,back
ancient_rome,backside,1,3.125,0,0,0,,,backside
ancient_rome,band,1,3.125,1,0,0,,,band
ancient_rome,banner,2,6.25,1,0,0,,,banner
ancient_rome,battle,4,12.5,0,0,0,,,battle
ancient_rome,bed,3,9.375,1,0,0,,,bed
ancient_rome,being,1,3.125,0,0,0,,,being
ancient_rome,belonging,1,3.125,0,0,0,,,belonging
ancient_rome,bib,7,21.875,1,0,0,,,bib
ancient_rome,bit,1,3.125,0,0,0,,,bit
ancient_rome,bleacher,1,3.125,1,0,0,,,bleacher
ancient_rome,blood,2,6.25,1,0,0,,,blood
ancient_rome,blue,1,3.125,1,0,0,,,blue
ancient_rome,blurry,1,3.125,0,1,0,,,blurry
ancient_rome,body,1,3.125,1,0,0,,,body
ancient_rome,book,4,12.5,1,0,0,,,book
ancient_rome,booth,1,3.125,1,0,0,,,booth
ancient_rome,bottom,8,25,0,0,0,,,bottom
ancient_rome,bowl,2,6.25,0,0,0,,dish,bowl
ancient_rome,broom,2,6.25,1,0,0,,,broom
ancient_rome,brown,2,6.25,1,0,0,,,brown
ancient_rome,bug,1,3.125,0,0,0,,,bug
ancient_rome,buggy,1,3.125,1,0,0,,"cart, carriage, chariot",buggy
ancient_rome,bull,1,3.125,1,0,0,,,bull
ancient_rome,bullfight,1,3.125,1,0,0,,,bullfight
ancient_rome,bun,1,3.125,1,0,0,,,bun
ancient_rome,bunch,10,31.25,0,0,0,,,bunch
ancient_rome,caesar,2,6.25,0,0,0,,,caesar
ancient_rome,camera,1,3.125,1,0,0,,,camera
ancient_rome,caption,1,3.125,0,0,0,,,caption
ancient_rome,carriage,4,12.5,1,0,0,,"cart, buggy, chariot",carriage
ancient_rome,cart,1,3.125,1,0,0,,"carriage, buggy, chariot",cart
ancient_rome,cartoon,1,3.125,0,0,0,,,cartoon
ancient_rome,case,2,6.25,0,0,0,,,case
ancient_rome,cat,2,6.25,1,0,0,,,cat
ancient_rome,caveman,1,3.125,1,0,0,,,caveman
ancient_rome,center,1,3.125,0,0,0,,,center
ancient_rome,centurion,3,9.375,1,0,0,,"gladiator, trojan",centurion
ancient_rome,chain,2,6.25,1,0,0,,,chain
ancient_rome,chair,2,6.25,1,0,0,,seat,chair
ancient_rome,chaos,4,12.5,0,0,0,,,chaos
ancient_rome,chaotic,2,6.25,0,1,0,,,chaotic
ancient_rome,chariot,22,68.75,1,0,0,,"cart, buggy, carriage",chariot
ancient_rome,chase,1,3.125,0,1,0,,,chase
ancient_rome,cheerleader,2,6.25,1,0,0,,,cheerleader
ancient_rome,cheeta,5,15.625,1,0,1,,,cheetah
ancient_rome,child,1,3.125,1,0,0,,,child
ancient_rome,christians,1,3.125,0,0,0,,,christians
ancient_rome,circle,5,15.625,1,0,0,,,circle
ancient_rome,circus,2,6.25,1,0,0,,,circus
ancient_rome,civilian,1,3.125,0,0,0,,,civilian
ancient_rome,climb,1,3.125,0,1,0,,,climb
ancient_rome,clothes,3,9.375,1,0,0,,clothing,clothes
ancient_rome,clothing,3,9.375,1,0,0,,clothes,clothing
ancient_rome,coliseum,2,6.25,1,0,0,"colosseum, colsseum",,coliseum
ancient_rome,color,3,9.375,0,0,0,,,color
ancient_rome,colosseum,12,37.5,1,0,0,"colsseum, coliseum",,colosseum
ancient_rome,colsseum,1,3.125,1,0,1,"colosseum, coliseum",,colosseum
ancient_rome,comparison,1,3.125,0,0,0,,,comparison
ancient_rome,connection,1,3.125,0,0,0,,,connection
ancient_rome,construction,1,3.125,0,0,0,,,construction
ancient_rome,container,1,3.125,0,0,0,,,container
ancient_rome,control,1,3.125,0,0,0,,,control
ancient_rome,corner,4,12.5,1,0,0,,,corner
ancient_rome,costume,1,3.125,1,0,0,,"outfit, clothing",costume
ancient_rome,couch,1,3.125,1,0,0,,sofa,couch
ancient_rome,couple,8,25,0,0,0,,,couple
ancient_rome,course,1,3.125,0,0,0,,,course
ancient_rome,creature,1,3.125,0,0,0,,,creature
ancient_rome,cross,1,3.125,1,0,0,,,cross
ancient_rome,crowd,9,28.125,1,0,0,,group,crowd
ancient_rome,crown,1,3.125,1,0,0,,,crown
ancient_rome,cry,1,3.125,0,1,0,,,cry
ancient_rome,cub,2,6.25,0,0,0,,,cub
ancient_rome,cushion,1,3.125,1,0,0,,,cushion
ancient_rome,danger,1,3.125,0,0,0,,,danger
ancient_rome,day,3,9.375,0,0,0,,,day
ancient_rome,decoration,3,9.375,0,0,0,,,decoration
ancient_rome,depiction,2,6.25,0,0,0,,,depiction
ancient_rome,detail,1,3.125,0,0,0,,,detail
ancient_rome,device,1,3.125,0,0,0,,,device
ancient_rome,dinner,1,3.125,1,0,0,,meal,dinner
ancient_rome,dirt,2,6.25,1,0,0,,,dirt
ancient_rome,disconnect,1,3.125,0,1,0,,,disconnect
ancient_rome,dish,1,3.125,1,0,0,,,dish
ancient_rome,displeasure,1,3.125,0,0,0,,,displeasure
ancient_rome,disruption,1,3.125,0,0,0,,,disruption
ancient_rome,door,4,12.5,1,0,0,,,door
ancient_rome,doorway,3,9.375,1,0,0,,entryway,doorway
ancient_rome,dozen,1,3.125,0,0,0,,,dozen
ancient_rome,draping,1,3.125,0,0,0,,,draping
ancient_rome,driver,1,3.125,0,0,0,,,driver
ancient_rome,edge,1,3.125,1,0,0,,,edge
ancient_rome,element,1,3.125,0,0,0,,,element
ancient_rome,emperor,4,12.5,1,0,0,,king,emperor
ancient_rome,end,1,3.125,0,0,0,,,end
ancient_rome,energy,1,3.125,0,0,0,,,energy
ancient_rome,english,1,3.125,0,0,0,,,english
ancient_rome,entertainment,1,3.125,0,0,0,,,entertainment
ancient_rome,entryway,1,3.125,1,0,0,,doorway,entryway
ancient_rome,everything,2,6.25,0,0,0,,,everything
ancient_rome,exit,1,3.125,0,0,0,,,exit
ancient_rome,face,1,3.125,1,0,0,,,face
ancient_rome,fact,2,6.25,0,0,0,,,fact
ancient_rome,fall,1,3.125,0,0,0,,,fall
ancient_rome,fan,1,3.125,1,0,0,,,fan
ancient_rome,feather,1,3.125,1,0,0,,,feather
ancient_rome,female,1,3.125,1,0,0,,woman,female
ancient_rome,festival,1,3.125,0,0,0,,,festival
ancient_rome,few,1,3.125,0,1,0,,,few
ancient_rome,fight,11,34.375,0,0,0,,,fight
ancient_rome,fighters,1,3.125,0,0,0,,,fighters
ancient_rome,fighting,2,6.25,0,1,0,,,fighting
ancient_rome,figure,3,9.375,0,0,0,,,figure
ancient_rome,fire,1,3.125,1,0,0,,,fire
ancient_rome,fist,1,3.125,1,0,0,,,fist
ancient_rome,flag,1,3.125,1,0,0,,,flag
ancient_rome,floor,4,12.5,1,0,0,,,floor
ancient_rome,folk,1,3.125,0,0,0,,,folk
ancient_rome,food,1,3.125,0,0,0,,,food
ancient_rome,foot,2,6.25,1,0,0,,,foot
ancient_rome,foreman,1,3.125,0,0,0,,,foreman
ancient_rome,fork,6,18.75,1,0,0,,,fork
ancient_rome,frame,1,3.125,1,0,0,,,frame
ancient_rome,front,6,18.75,0,0,0,,,front
ancient_rome,fun,8,25,0,0,0,,,fun
ancient_rome,funny,1,3.125,0,1,0,,,funny
ancient_rome,game,17,53.125,0,0,0,,,game
ancient_rome,gate,3,9.375,1,0,0,,,gate
ancient_rome,gentleman,1,3.125,1,0,0,,"man, male, guy ",gentleman
ancient_rome,gladiator,13,40.625,1,0,0,,"centurion, trojan",gladiator
ancient_rome,golf,1,3.125,1,0,0,,,golf
ancient_rome,goodness,1,3.125,0,0,0,,,goodness
ancient_rome,gray,1,3.125,1,0,0,grey,,gray
ancient_rome,grey,1,3.125,1,0,0,gray,,grey
ancient_rome,ground,11,34.375,1,0,0,,,ground
ancient_rome,group,7,21.875,1,0,0,,crowd,group
ancient_rome,guard,7,21.875,0,0,0,,,guard
ancient_rome,guy,7,21.875,1,0,0,,"man, male, gentleman",guy
ancient_rome,half,1,3.125,0,0,0,,,half
ancient_rome,hand,12,37.5,1,0,0,,,hand
ancient_rome,harm,1,3.125,0,0,0,,,harm
ancient_rome,hat,2,6.25,1,0,0,,,hat
ancient_rome,havoc,1,3.125,0,0,0,,,havoc
ancient_rome,head,3,9.375,1,0,0,,,head
ancient_rome,helmet,5,15.625,1,0,0,,,helmet
ancient_rome,here,1,3.125,0,0,0,,,here
ancient_rome,history,1,3.125,0,0,0,,,history
ancient_rome,hold,5,15.625,0,0,0,,,hold
ancient_rome,hole,1,3.125,1,0,0,,,hole
ancient_rome,honcho,1,3.125,0,0,0,,,honcho
ancient_rome,horse,27,84.375,1,0,0,,,horse
ancient_rome,human,5,15.625,1,0,0,,person,human
ancient_rome,implement,1,3.125,0,0,0,,,implement
ancient_rome,instrument,1,3.125,0,0,0,,,instrument
ancient_rome,interest,1,3.125,0,0,0,,,interest
ancient_rome,interesting,1,3.125,0,0,0,,,interesting
ancient_rome,interior,1,3.125,0,0,0,,,interior
ancient_rome,ipad,1,3.125,1,0,0,,,ipad
ancient_rome,item,1,3.125,0,0,0,,,item
ancient_rome,jaguar,3,9.375,1,0,0,,,jaguar
ancient_rome,javelin,3,9.375,1,0,0,,,javelin
ancient_rome,kind,12,37.5,0,1,0,,,kind
ancient_rome,knife,10,31.25,1,0,0,,,knife
ancient_rome,ladder,4,12.5,1,0,0,,,ladder
ancient_rome,land,1,3.125,1,0,0,,ground,land
ancient_rome,laurel,1,3.125,1,0,0,,,laurel
ancient_rome,leave,1,3.125,1,0,0,,,leave
ancient_rome,left,6,18.75,0,0,0,,,left
ancient_rome,leopard,13,40.625,1,0,0,leopards,,leopard
ancient_rome,leopards,1,3.125,1,0,0,leopard,,leopards
ancient_rome,level,2,6.25,0,0,0,,,level
ancient_rome,life,2,6.25,0,0,0,,,life
ancient_rome,light,2,6.25,1,0,0,,,light
ancient_rome,line,6,18.75,1,0,0,,,line
ancient_rome,link,1,3.125,0,0,0,,,link
ancient_rome,lion,25,78.125,1,0,0,"lione, lions",,lion
ancient_rome,lione,1,3.125,1,0,0,"lion, lions",,lione
ancient_rome,lions,25,78.125,1,0,0,"lione, lion",,lions
ancient_rome,lip,2,6.25,1,0,0,,,lip
ancient_rome,loincloth,2,6.25,1,0,0,,,loincloth
ancient_rome,look,2,6.25,0,0,0,,,look
ancient_rome,lot,21,65.625,1,0,0,,,lot
ancient_rome,man,18,56.25,1,0,0,mens,"male, guy, gentleman",man
ancient_rome,maximus,1,3.125,0,0,0,,,maximus
ancient_rome,meal,2,6.25,1,0,0,,,meal
ancient_rome,mens,1,3.125,1,0,0,man,,mens
ancient_rome,mess,1,3.125,0,0,0,,,mess
ancient_rome,middle,7,21.875,0,0,0,,,middle
ancient_rome,milk,1,3.125,1,0,0,,,milk
ancient_rome,minute,1,3.125,0,0,0,,,minute
ancient_rome,molding,1,3.125,1,0,0,,,molding
ancient_rome,mope,1,3.125,0,1,0,,,mope
ancient_rome,morning,1,3.125,0,0,0,,,morning
ancient_rome,mouth,1,3.125,1,0,0,,,mouth
ancient_rome,napkin,2,6.25,1,0,0,,,napkin
ancient_rome,nature,1,3.125,0,0,0,,,nature
ancient_rome,neck,4,12.5,1,0,0,,,neck
ancient_rome,net,1,3.125,1,0,0,,,net
ancient_rome,nice,1,3.125,0,0,0,,,nice
ancient_rome,none,1,3.125,0,0,0,,,none
ancient_rome,number,8,25,0,0,0,,,number
ancient_rome,observers,1,3.125,0,0,0,,,observers
ancient_rome,occurrence,1,3.125,0,0,0,,,occurrence
ancient_rome,off,1,3.125,0,1,0,,,off
ancient_rome,official,1,3.125,0,0,0,,,official
ancient_rome,one,8,25,1,0,0,,,one
ancient_rome,opposite,2,6.25,0,0,0,,,opposite
ancient_rome,other,6,18.75,0,0,0,,,other
ancient_rome,ought,1,3.125,0,0,0,,,ought
ancient_rome,outfit,2,6.25,1,0,0,,"costume, clothing",outfit
ancient_rome,outskirt,1,3.125,0,0,0,,,outskirt
ancient_rome,pack,1,3.125,1,0,0,,,pack
ancient_rome,paddling,1,3.125,0,1,0,,,paddling
ancient_rome,page,2,6.25,1,0,0,,,page
ancient_rome,pants,2,6.25,1,0,0,,,pants
ancient_rome,part,5,15.625,0,0,0,,,part
ancient_rome,participant,1,3.125,0,0,0,,,participant
ancient_rome,paw,2,6.25,1,0,0,paws,,paw
ancient_rome,paws,1,3.125,1,0,0,paw,,paws
ancient_rome,people,28,87.5,1,0,0,person,,people
ancient_rome,period,1,3.125,0,0,0,,,period
ancient_rome,person,12,37.5,1,0,0,people,,person
ancient_rome,phalanx,1,3.125,1,0,0,,,phalanx
ancient_rome,picture,9,28.125,1,0,0,,,picture
ancient_rome,piece,1,3.125,0,0,0,,,piece
ancient_rome,pile,3,9.375,1,0,0,,stack,pile
ancient_rome,pit,1,3.125,1,0,0,,,pit
ancient_rome,pitchfork,4,12.5,0,0,0,,,pitchfork
ancient_rome,place,9,28.125,0,0,0,,,place
ancient_rome,plant,1,3.125,0,0,0,,,plant
ancient_rome,plaster,1,3.125,0,0,0,,,plaster
ancient_rome,plate,1,3.125,1,0,0,,dish,plate
ancient_rome,pleasure,1,3.125,0,0,0,,,pleasure
ancient_rome,plenty,1,3.125,0,0,0,,,plenty
ancient_rome,plow,1,3.125,1,0,0,,,plow
ancient_rome,plush,1,3.125,0,0,0,,,plush
ancient_rome,podium,1,3.125,1,0,0,,stand,podium
ancient_rome,point,1,3.125,0,0,0,,,point
ancient_rome,pool,7,21.875,1,0,0,,,pool
ancient_rome,portion,1,3.125,0,0,0,,,portion
ancient_rome,pot,1,3.125,1,0,0,,,pot
ancient_rome,power,1,3.125,0,0,0,,,power
ancient_rome,princess,2,6.25,1,0,0,,,princess
ancient_rome,prisoner,1,3.125,0,0,0,,,prisoner
ancient_rome,process,1,3.125,0,0,0,,,process
ancient_rome,profusion,1,3.125,0,0,0,,,profusion
ancient_rome,progression,1,3.125,0,0,0,,,progression
ancient_rome,protector,1,3.125,0,0,0,,,protector
ancient_rome,pyramid,15,46.875,1,0,0,,,pyramid
ancient_rome,queen,1,3.125,1,0,0,,,queen
ancient_rome,race,4,12.5,0,0,0,races,,race
ancient_rome,races,3,9.375,0,0,0,race,,races
ancient_rome,rain,1,3.125,1,0,0,,,rain
ancient_rome,random,1,3.125,0,0,0,,,random
ancient_rome,rank,1,3.125,0,0,0,,,rank
ancient_rome,reaction,1,3.125,0,0,0,,,reaction
ancient_rome,reason,1,3.125,0,0,0,,,reason
ancient_rome,regular,1,3.125,0,0,0,,,regular
ancient_rome,rein,3,9.375,1,0,0,reins,,rein
ancient_rome,reins,1,3.125,1,0,0,rein,,reins
ancient_rome,rest,3,9.375,0,0,0,,,rest
ancient_rome,ride,3,9.375,0,0,0,,,ride
ancient_rome,rider,1,3.125,0,0,0,,,rider
ancient_rome,riding,1,3.125,0,0,0,,,riding
ancient_rome,right,3,9.375,0,0,0,,,right
ancient_rome,ring,9,28.125,1,0,0,,,ring
ancient_rome,rink,1,3.125,1,0,0,,,rink
ancient_rome,role,1,3.125,0,0,0,,,role
ancient_rome,roman,4,12.5,0,0,0,,,roman
ancient_rome,rome,18,56.25,0,0,0,,,rome
ancient_rome,rope,4,12.5,1,0,0,,,rope
ancient_rome,row,1,3.125,0,0,0,,,row
ancient_rome,royalty,2,6.25,0,0,0,,,royalty
ancient_rome,rub,1,3.125,0,1,0,,,rub
ancient_rome,ruler,1,3.125,1,0,0,,,ruler
ancient_rome,run,1,3.125,0,1,0,,,run
ancient_rome,sand,7,21.875,1,0,0,,,sand
ancient_rome,sandal,1,3.125,1,0,0,,,sandal
ancient_rome,scene,8,25,0,0,0,,,scene
ancient_rome,score,2,6.25,0,0,0,,,score
ancient_rome,screen,2,6.25,1,0,0,,,screen
ancient_rome,sea,1,3.125,1,0,0,,,sea
ancient_rome,seat,6,18.75,1,0,0,,chair,seat
ancient_rome,seating,3,9.375,0,0,0,,,seating
ancient_rome,section,1,3.125,0,0,0,,,section
ancient_rome,set,1,3.125,0,0,0,,,set
ancient_rome,severity,1,3.125,0,0,0,,,severity
ancient_rome,shield,17,53.125,1,0,0,,,shield
ancient_rome,shirt,3,9.375,1,0,0,,top,shirt
ancient_rome,shoe,3,9.375,1,0,0,,,shoe
ancient_rome,shot,1,3.125,0,0,0,,,shot
ancient_rome,shoulders,2,6.25,1,0,0,,,shoulders
ancient_rome,show,1,3.125,0,0,0,,,show
ancient_rome,side,11,34.375,0,0,0,,,side
ancient_rome,sit,1,3.125,0,0,0,,,sit
ancient_rome,sitting,1,3.125,0,0,0,,,sitting
ancient_rome,situation,4,12.5,0,0,0,,,situation
ancient_rome,slave,2,6.25,0,0,0,,,slave
ancient_rome,sofa,1,3.125,1,0,0,,couch,sofa
ancient_rome,soldier,9,28.125,0,0,0,,,soldier
ancient_rome,somebody,1,3.125,0,0,0,,,somebody
ancient_rome,sort,4,12.5,0,0,0,,,sort
ancient_rome,soul,1,3.125,0,0,0,,,soul
ancient_rome,spare,1,3.125,0,0,0,,,spare
ancient_rome,spear,8,25,1,0,0,,,spear
ancient_rome,spectator,8,25,0,0,0,,,spectator
ancient_rome,spiky,1,3.125,0,1,0,,,spiky
ancient_rome,sport,1,3.125,0,0,0,,,sport
ancient_rome,spot,2,6.25,0,0,0,,,spot
ancient_rome,spread,1,3.125,0,0,0,,,spread
ancient_rome,stack,2,6.25,1,0,0,,pile,stack
ancient_rome,stadium,2,6.25,1,0,0,,arena,stadium
ancient_rome,staff,1,3.125,0,0,0,,,staff
ancient_rome,stage,1,3.125,1,0,0,,,stage
ancient_rome,stand,14,43.75,1,0,0,,podium,stand
ancient_rome,state,1,3.125,0,0,0,,,state
ancient_rome,step,1,3.125,0,0,0,,,step
ancient_rome,stick,2,6.25,1,0,0,,,stick
ancient_rome,stone,1,3.125,1,0,0,,rock,stone
ancient_rome,street,2,6.25,1,0,0,,,street
ancient_rome,stripe,1,3.125,0,0,0,,,stripe
ancient_rome,strongman,1,3.125,1,0,0,,,strongman
ancient_rome,structure,2,6.25,0,0,0,,,structure
ancient_rome,stuff,2,6.25,0,0,0,,,stuff
ancient_rome,style,1,3.125,0,0,0,,,style
ancient_rome,success,1,3.125,0,0,0,,,success
ancient_rome,supper,1,3.125,1,0,0,,"dinner, meal",supper
ancient_rome,swimming,1,3.125,0,1,0,,,swimming
ancient_rome,sword,18,56.25,1,0,0,swords,,sword
ancient_rome,swords,1,3.125,1,0,0,sword,,swords
ancient_rome,tablet,1,3.125,1,0,0,,,tablet
ancient_rome,take,2,6.25,0,0,0,,,take
ancient_rome,tasty,1,3.125,0,1,0,,,tasty
ancient_rome,team,3,9.375,0,0,0,,,team
ancient_rome,text,1,3.125,0,0,0,,,text
ancient_rome,thing,14,43.75,0,0,0,,,thing
ancient_rome,thumb,2,6.25,1,0,0,,,thumb
ancient_rome,tiger,11,34.375,1,0,0,,,tiger
ancient_rome,time,7,21.875,0,0,0,,,time
ancient_rome,title,1,3.125,0,0,0,,,title
ancient_rome,toga,2,6.25,1,0,0,,,toga
ancient_rome,top,12,37.5,1,0,0,,,top
ancient_rome,tournament,1,3.125,0,0,0,,,tournament
ancient_rome,tower,1,3.125,1,0,0,,,tower
ancient_rome,track,1,3.125,1,0,0,,,track
ancient_rome,tribune,1,3.125,0,0,0,,,tribune
ancient_rome,trident,2,6.25,1,0,0,,,trident
ancient_rome,trim,1,3.125,0,0,0,,,trim
ancient_rome,trojan,2,6.25,1,0,0,,"centurion, gladiator",trojan
ancient_rome,type,6,18.75,0,0,0,,,type
ancient_rome,underneath,1,3.125,0,1,0,,,underneath
ancient_rome,uniform,4,12.5,0,0,0,,,uniform
ancient_rome,up,1,3.125,0,1,0,,,up
ancient_rome,version,1,3.125,0,0,0,,,version
ancient_rome,violence,1,3.125,0,0,0,,,violence
ancient_rome,waldo,3,9.375,0,0,0,,,waldo
ancient_rome,wall,16,50,1,0,0,,,wall
ancient_rome,war,1,3.125,0,0,0,,,war
ancient_rome,warrior,2,6.25,0,0,0,,,warrior
ancient_rome,water,3,9.375,1,0,0,,,water
ancient_rome,waving,1,3.125,0,1,0,,,waving
ancient_rome,way,9,28.125,0,0,0,,,way
ancient_rome,weapon,4,12.5,0,0,0,,,weapon
ancient_rome,wheel,2,6.25,1,0,0,,,wheel
ancient_rome,while,1,3.125,0,0,0,,,while
ancient_rome,whip,4,12.5,1,0,0,,,whip
ancient_rome,white,1,3.125,1,0,0,,,white
ancient_rome,wild,1,3.125,0,1,0,,,wild
ancient_rome,woman,2,6.25,1,0,0,,female,woman
ancient_rome,world,1,3.125,0,0,0,,,world
ancient_rome,year,5,15.625,0,0,0,,,year
ancient_rome,yes,1,3.125,0,1,0,,,yes